name,label,category,exists,age_days,weekly_downloads,pkg_vulns,vuln_deps,malware,sim_distance,sim_min_len,group
typosquat-25,1,typosquatting,1,56.6,1,0,0,0,1,7,typosquat-25
normal-111,0,benign,1,519.01,96747,0,1,0,1,6,normal-111
mal-6,1,confirmed_malicious,1,8.62,4,0,0,1,,,mal-6
mal-24,1,confirmed_malicious,1,5.04,9,0,0,0,,,mal-24
normal-14,0,benign,1,2889.48,32327,0,0,0,,6,normal-14
mal-45,1,confirmed_malicious,1,3.83,3,0,0,0,,,mal-45
normal-116,0,benign,1,1425.61,3263801,1,0,0,,6,normal-116
normal-35,0,benign,1,1482.79,1474189,0,0,0,1,6,normal-35
typosquat-5,1,typosquatting,1,16.86,8,0,0,0,1,7,typosquat-5
normal-82,0,benign,1,852.12,61531,0,1,0,,6,normal-82
mal-5,1,confirmed_malicious,1,7.92,314,0,0,0,,,mal-5
typosquat-8,1,typosquatting,1,21.46,165,0,0,0,1,7,typosquat-8
normal-30,0,benign,1,530.18,37493,0,1,0,,6,normal-30
mal-0,1,confirmed_malicious,1,17.96,16,0,0,1,,,mal-0
normal-93,0,benign,1,2920.33,598546,0,0,0,,6,normal-93
normal-55,0,benign,1,2702.32,1226540,1,1,0,,6,normal-55
mal-2,1,confirmed_malicious,1,137.65,26,0,0,0,,,mal-2
typosquat-9,1,typosquatting,1,49.34,14,0,0,0,1,7,typosquat-9
normal-28,0,benign,1,271.14,30327,0,0,0,,6,normal-28
hallu-13,1,hallucinated_nonexistent,0,,,0,0,0,,,hallu-13
mal-41,1,confirmed_malicious,1,8.47,50,0,0,0,,,mal-41
normal-69,0,benign,1,1248.93,412671,0,0,0,,6,normal-69
normal-58,0,benign,1,1467.86,1811431,0,0,0,1,6,normal-58
normal-96,0,benign,1,2348.85,35099,0,0,0,,6,normal-96
hallu-17,1,hallucinated_nonexistent,0,,,0,0,0,,,hallu-17
mal-27,1,confirmed_malicious,1,0.1,9,0,0,0,,,mal-27
normal-37,0,benign,1,2937.44,4275408,0,1,0,,6,normal-37
typosquat-11,1,typosquatting,1,22.43,303,0,0,0,1,7,typosquat-11
normal-103,0,benign,1,2412.08,1660361,0,0,0,,6,normal-103
normal-17,0,benign,1,1973.14,9579857,1,0,0,,6,normal-17
mal-23,1,confirmed_malicious,1,12.63,143,0,0,0,,,mal-23
normal-97,0,benign,1,1797.59,231069,0,0,0,,6,normal-97
mal-8,1,confirmed_malicious,1,5.39,18,0,0,0,,,mal-8
normal-51,0,benign,1,543.71,603074,0,0,0,,6,normal-51
normal-29,0,benign,1,409.89,835532,0,0,0,1,6,normal-29
mal-37,1,confirmed_malicious,1,9.56,3,0,0,0,,,mal-37
normal-56,0,benign,1,1637.61,516972,0,0,0,,6,normal-56
normal-45,0,benign,1,2535.67,393168,0,1,0,,6,normal-45
mal-10,1,confirmed_malicious,1,18.28,224,0,0,0,,,mal-10
normal-7,0,benign,1,1752.2,64158,0,1,0,,6,normal-7
mal-22,1,confirmed_malicious,1,111.08,22624,0,0,0,,,mal-22
typosquat-18,1,typosquatting,1,44.86,266,0,0,0,1,7,typosquat-18
hallu-11,1,hallucinated_nonexistent,0,,,0,0,0,,,hallu-11
typosquat-6,1,typosquatting,1,57.34,2,0,0,0,1,7,typosquat-6
typosquat-0,1,typosquatting,1,11.21,336,0,0,0,1,7,typosquat-0
normal-113,0,benign,1,2104.26,1331713,0,1,0,1,6,normal-113
hallu-18,1,hallucinated_nonexistent,0,,,0,0,0,,,hallu-18
mal-18,1,confirmed_malicious,1,2.88,3,0,0,1,,,mal-18
normal-73,0,benign,1,1905.63,482067,0,0,0,,6,normal-73
normal-87,0,benign,1,1678.59,5006798,0,1,0,,6,normal-87
normal-84,0,benign,1,877.22,2950754,0,0,0,,6,normal-84
normal-49,0,benign,1,584.71,43954,0,1,0,,6,normal-49
normal-88,0,benign,1,2948.9,167997,0,0,0,,6,normal-88
normal-54,0,benign,1,844.75,269981,0,0,0,,6,normal-54
mal-31,1,confirmed_malicious,1,11.07,1,0,0,0,,,mal-31
typosquat-29,1,typosquatting,1,25.85,21,0,0,0,1,7,typosquat-29
normal-78,0,benign,1,872.57,22153,0,0,0,,6,normal-78
normal-108,0,benign,1,773.23,2199843,0,1,0,,6,normal-108
normal-91,0,benign,1,1832.45,1479963,0,0,0,,6,normal-91
normal-3,0,benign,1,262.01,671003,0,1,0,1,6,normal-3
normal-80,0,benign,1,123.6,9652190,1,0,0,1,6,normal-80
mal-42,1,confirmed_malicious,1,14.81,18,0,0,0,,,mal-42
normal-42,0,benign,1,844.2,1478458,0,0,0,,6,normal-42
normal-36,0,benign,1,1142.7,1456070,0,1,0,,6,normal-36
mal-13,1,confirmed_malicious,1,2.63,15,0,0,0,,,mal-13
typosquat-1,1,typosquatting,1,44.8,1,0,0,0,1,7,typosquat-1
mal-29,1,confirmed_malicious,1,61.84,224,0,0,0,,,mal-29
hallu-2,1,hallucinated_nonexistent,0,,,0,0,0,,,hallu-2
normal-11,0,benign,1,963.72,433325,0,1,0,,6,normal-11
mal-40,1,confirmed_malicious,1,18.51,3,0,0,1,,,mal-40
normal-19,0,benign,1,1867.78,429507,0,0,0,,6,normal-19
hallu-9,1,hallucinated_nonexistent,0,,,0,0,0,,,hallu-9
mal-36,1,confirmed_malicious,1,9.27,249,0,0,0,,,mal-36
normal-12,0,benign,1,927.9,8840403,0,1,0,,6,normal-12
normal-86,0,benign,1,804.93,321403,1,1,0,,6,normal-86
typosquat-20,1,typosquatting,1,57.47,46,0,0,0,1,7,typosquat-20
normal-61,0,benign,1,1724.63,2248958,0,0,0,,6,normal-61
normal-70,0,benign,1,2982.75,245632,1,0,0,,6,normal-70
mal-34,1,confirmed_malicious,1,28.23,229,0,0,0,,,mal-34
hallu-4,1,hallucinated_nonexistent,0,,,0,0,0,,,hallu-4
normal-89,0,benign,1,2947.28,3629681,0,0,0,,6,normal-89
typosquat-21,1,typosquatting,1,15.8,86,0,0,0,1,7,typosquat-21
mal-30,1,confirmed_malicious,1,14.46,41,0,0,0,,,mal-30
normal-102,0,benign,1,1744.28,3124960,0,1,0,1,6,normal-102
normal-23,0,benign,1,2877.0,50990,0,0,0,,6,normal-23
normal-98,0,benign,1,335.84,7684584,0,1,0,1,6,normal-98
normal-52,0,benign,1,1622.35,6618917,1,0,0,,6,normal-52
typosquat-15,1,typosquatting,1,46.02,1,0,0,0,1,7,typosquat-15
mal-20,1,confirmed_malicious,1,17.76,74,0,0,0,,,mal-20
normal-94,0,benign,1,723.99,62228,0,0,0,,6,normal-94
mal-26,1,confirmed_malicious,1,283.83,10730,0,0,0,,,mal-26
typosquat-23,1,typosquatting,1,0.33,109,0,0,0,1,7,typosquat-23
typosquat-14,1,typosquatting,1,24.71,155,0,0,0,1,7,typosquat-14
normal-32,0,benign,1,2870.41,843633,1,0,0,,6,normal-32
mal-15,1,confirmed_malicious,1,6.09,24,0,0,0,,,mal-15
normal-5,0,benign,1,225.56,4148249,0,0,0,,6,normal-5
typosquat-12,1,typosquatting,1,11.66,9,0,0,0,1,7,typosquat-12
normal-43,0,benign,1,2869.05,192538,0,0,0,,6,normal-43
mal-49,1,confirmed_malicious,1,19.95,213,0,0,0,,,mal-49
normal-4,0,benign,1,2847.83,721403,1,0,0,,6,normal-4
normal-27,0,benign,1,1231.82,238365,0,0,0,,6,normal-27
typosquat-3,1,typosquatting,1,22.5,7,0,0,0,1,7,typosquat-3
normal-79,0,benign,1,1859.8,79524,0,0,0,,6,normal-79
normal-90,0,benign,1,1343.46,28156,1,1,0,,6,normal-90
hallu-15,1,hallucinated_nonexistent,0,,,0,0,0,,,hallu-15
hallu-6,1,hallucinated_nonexistent,0,,,0,0,0,,,hallu-6
normal-13,0,benign,1,570.04,167321,1,0,0,,6,normal-13
normal-0,0,benign,1,1032.35,50967,0,0,0,1,6,normal-0
normal-85,0,benign,1,143.64,462664,0,1,0,,6,normal-85
normal-115,0,benign,1,996.97,34025,1,0,0,,6,normal-115
normal-99,0,benign,1,1223.49,151552,1,0,0,,6,normal-99
normal-33,0,benign,1,2560.41,9580261,1,0,0,,6,normal-33
hallu-14,1,hallucinated_nonexistent,0,,,0,0,0,,,hallu-14
normal-57,0,benign,1,1860.89,2484878,0,0,0,,6,normal-57
normal-22,0,benign,1,900.21,263815,0,1,0,,6,normal-22
normal-110,0,benign,1,2321.88,924335,0,0,0,1,6,normal-110
mal-48,1,confirmed_malicious,1,157.39,11009,0,0,0,,,mal-48
mal-33,1,confirmed_malicious,1,100.79,729,0,0,0,,,mal-33
mal-16,1,confirmed_malicious,1,64.75,8,0,0,0,,,mal-16
normal-119,0,benign,1,1845.79,1012754,0,0,0,,6,normal-119
mal-4,1,confirmed_malicious,1,14.29,179,0,0,0,,,mal-4
normal-74,0,benign,1,2917.64,38274,0,0,0,,6,normal-74
normal-105,0,benign,1,1715.31,988487,0,0,0,,6,normal-105
normal-76,0,benign,1,1271.31,560811,1,1,0,,6,normal-76
hallu-12,1,hallucinated_nonexistent,0,,,0,0,0,,,hallu-12
normal-6,0,benign,1,1663.4,694171,0,0,0,1,6,normal-6
normal-15,0,benign,1,1819.62,734035,1,0,0,,6,normal-15
mal-12,1,confirmed_malicious,1,12.93,5,0,0,1,,,mal-12
mal-43,1,confirmed_malicious,1,6.3,112,0,0,0,,,mal-43
normal-10,0,benign,1,812.92,61005,0,0,0,1,6,normal-10
typosquat-10,1,typosquatting,1,3.05,18,0,0,0,1,7,typosquat-10
typosquat-4,1,typosquatting,1,10.24,1,0,0,0,1,7,typosquat-4
typosquat-17,1,typosquatting,1,55.21,4,0,0,0,1,7,typosquat-17
mal-1,1,confirmed_malicious,1,196.73,106,0,0,0,,,mal-1
normal-1,0,benign,1,363.92,747356,0,0,0,,6,normal-1
typosquat-13,1,typosquatting,1,53.83,1,0,0,0,1,7,typosquat-13
normal-9,0,benign,1,1334.29,140668,1,0,0,,6,normal-9
normal-118,0,benign,1,352.78,2080715,0,0,0,,6,normal-118
normal-25,0,benign,1,101.91,269870,0,1,0,1,6,normal-25
typosquat-2,1,typosquatting,1,39.9,10,0,0,0,1,7,typosquat-2
mal-14,1,confirmed_malicious,1,14.81,275,0,0,0,,,mal-14
mal-9,1,confirmed_malicious,1,19.13,162,0,0,0,,,mal-9
hallu-1,1,hallucinated_nonexistent,0,,,0,0,0,,,hallu-1
normal-64,0,benign,1,2124.72,4641365,0,1,0,,6,normal-64
normal-101,0,benign,1,1915.54,1911616,0,1,0,1,6,normal-101
typosquat-26,1,typosquatting,1,14.11,19,0,0,0,1,7,typosquat-26
typosquat-16,1,typosquatting,1,2.19,1,0,0,0,1,7,typosquat-16
normal-48,0,benign,1,1437.8,2027927,0,1,0,,6,normal-48
mal-28,1,confirmed_malicious,1,17.12,269,0,0,0,,,mal-28
normal-72,0,benign,1,1424.73,1579460,1,0,0,1,6,normal-72
normal-39,0,benign,1,2357.05,154915,0,1,0,,6,normal-39
mal-47,1,confirmed_malicious,1,19.48,2,0,0,1,,,mal-47
normal-62,0,benign,1,1872.46,462374,0,1,0,,6,normal-62
normal-47,0,benign,1,1481.08,60535,0,0,0,,6,normal-47
typosquat-24,1,typosquatting,1,55.0,51,0,0,0,1,7,typosquat-24
normal-112,0,benign,1,478.31,400438,1,0,0,,6,normal-112
typosquat-28,1,typosquatting,1,23.25,4,0,0,0,1,7,typosquat-28
normal-66,0,benign,1,1009.5,1294552,1,0,0,,6,normal-66
normal-65,0,benign,1,2534.4,46801,0,0,0,,6,normal-65
normal-95,0,benign,1,1471.21,454425,0,0,0,1,6,normal-95
normal-68,0,benign,1,506.07,4826681,1,0,0,,6,normal-68
mal-25,1,confirmed_malicious,1,16.99,152,0,0,1,,,mal-25
normal-71,0,benign,1,1016.91,1777490,0,0,0,1,6,normal-71
mal-44,1,confirmed_malicious,1,15.23,5,0,0,0,,,mal-44
normal-75,0,benign,1,2726.17,61686,0,0,0,,6,normal-75
normal-31,0,benign,1,294.62,72689,1,0,0,,6,normal-31
mal-17,1,confirmed_malicious,1,4.48,184,0,0,0,,,mal-17
hallu-8,1,hallucinated_nonexistent,0,,,0,0,0,,,hallu-8
mal-38,1,confirmed_malicious,1,14.12,5,0,0,1,,,mal-38
hallu-16,1,hallucinated_nonexistent,0,,,0,0,0,,,hallu-16
normal-106,0,benign,1,99.64,2843042,0,1,0,1,6,normal-106
normal-34,0,benign,1,997.49,48878,0,1,0,,6,normal-34
normal-59,0,benign,1,1634.41,400603,0,1,0,,6,normal-59
normal-44,0,benign,1,1457.93,162888,1,1,0,1,6,normal-44
normal-114,0,benign,1,920.93,361346,0,1,0,,6,normal-114
hallu-19,1,hallucinated_nonexistent,0,,,0,0,0,,,hallu-19
normal-107,0,benign,1,282.21,1946832,0,0,0,,6,normal-107
normal-24,0,benign,1,2006.28,21506,0,0,0,,6,normal-24
normal-53,0,benign,1,171.46,74904,0,1,0,,6,normal-53
normal-21,0,benign,1,1397.14,607418,0,0,0,1,6,normal-21
mal-39,1,confirmed_malicious,1,13.52,11,0,0,0,,,mal-39
normal-67,0,benign,1,2038.16,2609920,0,1,0,,6,normal-67
normal-18,0,benign,1,2671.29,172549,1,0,0,,6,normal-18
normal-26,0,benign,1,1017.16,43533,0,0,0,1,6,normal-26
normal-109,0,benign,1,1527.39,215235,1,1,0,,6,normal-109
normal-41,0,benign,1,1524.0,1878065,0,0,0,,6,normal-41
hallu-7,1,hallucinated_nonexistent,0,,,0,0,0,,,hallu-7
mal-19,1,confirmed_malicious,1,1.91,3,0,0,0,,,mal-19
mal-21,1,confirmed_malicious,1,10.53,8,0,0,0,,,mal-21
mal-3,1,confirmed_malicious,1,300.32,5970,0,0,0,,,mal-3
normal-8,0,benign,1,1732.31,936107,1,1,0,1,6,normal-8
mal-46,1,confirmed_malicious,1,18.98,2,0,0,0,,,mal-46
normal-16,0,benign,1,2839.02,380246,0,0,0,,6,normal-16
normal-104,0,benign,1,211.82,1047667,0,0,0,,6,normal-104
normal-63,0,benign,1,1406.33,549377,1,1,0,,6,normal-63
normal-40,0,benign,1,2435.69,3232205,0,0,0,1,6,normal-40
typosquat-22,1,typosquatting,1,19.06,5,0,0,0,1,7,typosquat-22
normal-100,0,benign,1,2197.29,1088159,0,1,0,1,6,normal-100
normal-50,0,benign,1,2436.92,49507,1,1,0,,6,normal-50
mal-11,1,confirmed_malicious,1,1.08,67,0,0,0,,,mal-11
normal-20,0,benign,1,2238.64,236768,1,0,0,,6,normal-20
mal-32,1,confirmed_malicious,1,18.41,41,0,0,0,,,mal-32
hallu-3,1,hallucinated_nonexistent,0,,,0,0,0,,,hallu-3
hallu-0,1,hallucinated_nonexistent,0,,,0,0,0,,,hallu-0
normal-92,0,benign,1,548.42,318952,0,0,0,,6,normal-92
normal-117,0,benign,1,700.63,7129936,0,0,0,1,6,normal-117
normal-81,0,benign,1,466.04,528044,0,0,0,,6,normal-81
normal-83,0,benign,1,1635.46,71755,1,1,0,,6,normal-83
normal-60,0,benign,1,813.12,111603,0,1,0,,6,normal-60
mal-35,1,confirmed_malicious,1,4.55,31,0,0,1,,,mal-35
normal-38,0,benign,1,2733.03,182129,0,1,0,1,6,normal-38
typosquat-27,1,typosquatting,1,57.41,376,0,0,0,1,7,typosquat-27
typosquat-7,1,typosquatting,1,57.86,3,0,0,0,1,7,typosquat-7
hallu-10,1,hallucinated_nonexistent,0,,,0,0,0,,,hallu-10
normal-77,0,benign,1,350.34,28531,0,0,0,,6,normal-77
typosquat-19,1,typosquatting,1,20.41,5,0,0,0,1,7,typosquat-19
hallu-5,1,hallucinated_nonexistent,0,,,0,0,0,,,hallu-5
normal-2,0,benign,1,1351.91,30804,0,1,0,,6,normal-2
normal-46,0,benign,1,2518.83,42047,1,1,0,,6,normal-46
mal-7,1,confirmed_malicious,1,333.89,19,0,0,0,,,mal-7
